{
    "rmse": 0.8051302474455093,
    "mae": 0.6592886643392764,
    "r2": 0.00806594760814272
}